title,description
Fazer 50 abdominais,Exercícios básicos
Fazer 20 flexões,Exercícios básicos
Fazer 100 polichinelos,Exercícios básicos
Fazer 50 agachamentos unilaterais,Exercícios básicos
Fazer 50 agachamentos comuns,Exercícios básicos
Comprar arroz,Reposição de dispensa
Comprar café,Reposição de dispensa
Varrer a casa,Tarefas domésticas
Lavar roupas,Tarefas domésticas
Lavar o banheiro,Tarefas domésticas
Fazer 50 abdominais,Exercícios básicos
Fazer 20 flexões,Exercícios básicos
Fazer 100 polichinelos,Exercícios básicos
Fazer 50 agachamentos unilaterais,Exercícios básicos
Fazer 50 agachamentos comuns,Exercícios básicos
Comprar arroz,Reposição de dispensa
Comprar café,Reposição de dispensa
Varrer a casa,Tarefas domésticas
Lavar roupas,Tarefas domésticas
Lavar o banheiro,Tarefas domésticas
Fazer 50 abdominais,Exercícios básicos
Fazer 20 flexões,Exercícios básicos
Fazer 100 polichinelos,Exercícios básicos
Fazer 50 agachamentos unilaterais,Exercícios básicos
Fazer 50 agachamentos comuns,Exercícios básicos
Comprar arroz,Reposição de dispensa
Comprar café,Reposição de dispensa
Varrer a casa,Tarefas domésticas
Lavar roupas,Tarefas domésticas
Lavar o banheiro,Tarefas domésticas
Fazer 50 abdominais,Exercícios básicos
Fazer 20 flexões,Exercícios básicos
Fazer 100 polichinelos,Exercícios básicos
Fazer 50 agachamentos unilaterais,Exercícios básicos
Fazer 50 agachamentos comuns,Exercícios básicos
Comprar arroz,Reposição de dispensa
Comprar café,Reposição de dispensa
Varrer a casa,Tarefas domésticas
Lavar roupas,Tarefas domésticas
Fazer 50 abdominais,Exercícios básicos
Fazer 20 flexões,Exercícios básicos
Fazer 100 polichinelos,Exercícios básicos
Fazer 50 agachamentos unilaterais,Exercícios básicos
Fazer 50 agachamentos comuns,Exercícios básicos
Comprar arroz,Reposição de dispensa
Comprar café,Reposição de dispensa
Varrer a casa,Tarefas domésticas
Lavar roupas,Tarefas domésticas
Lavar o banheiro,Tarefas domésticas
Fazer 50 abdominais,Exercícios básicos
Fazer 20 flexões,Exercícios básicos
Fazer 100 polichinelos,Exercícios básicos
Fazer 50 agachamentos unilaterais,Exercícios básicos
Fazer 50 agachamentos comuns,Exercícios básicos
Comprar arroz,Reposição de dispensa
Comprar café,Reposição de dispensa
Varrer a casa,Tarefas domésticas
Lavar roupas,Tarefas domésticas
Lavar o banheiro,Tarefas domésticas
Fazer 50 abdominais,Exercícios básicos
Fazer 20 flexões,Exercícios básicos
Fazer 100 polichinelos,Exercícios básicos
Fazer 50 agachamentos unilaterais,Exercícios básicos
Fazer 50 agachamentos comuns,Exercícios básicos
Comprar arroz,Reposição de dispensa
Comprar café,Reposição de dispensa
Varrer a casa,Tarefas domésticas
Lavar roupas,Tarefas domésticas
Lavar o banheiro,Tarefas domésticas
Fazer 50 abdominais,Exercícios básicos
Fazer 20 flexões,Exercícios básicos
Fazer 100 polichinelos,Exercícios básicos
Fazer 50 agachamentos unilaterais,Exercícios básicos
Fazer 50 agachamentos comuns,Exercícios básicos
Comprar arroz,Reposição de dispensa
Comprar café,Reposição de dispensa
Varrer a casa,Tarefas domésticas
Lavar roupas,Tarefas domésticas
Lavar o banheiro,Tarefas domésticas
Fazer 50 abdominais,Exercícios básicos
Fazer 20 flexões,Exercícios básicos
Fazer 100 polichinelos,Exercícios básicos
Fazer 50 agachamentos unilaterais,Exercícios básicos
Fazer 50 agachamentos comuns,Exercícios básicos
Comprar arroz,Reposição de dispensa
Comprar café,Reposição de dispensa
Varrer a casa,Tarefas domésticas
Lavar roupas,Tarefas domésticas
Lavar o banheiro,Tarefas domésticas
Fazer 50 abdominais,Exercícios básicos
Fazer 20 flexões,Exercícios básicos
Fazer 100 polichinelos,Exercícios básicos
Fazer 50 agachamentos unilaterais,Exercícios básicos
Fazer 50 agachamentos comuns,Exercícios básicos
Comprar arroz,Reposição de dispensa
Comprar café,Reposição de dispensa
Varrer a casa,Tarefas domésticas
Lavar roupas,Tarefas domésticas
Lavar o banheiro,Tarefas domésticas
Fazer 50 abdominais,Exercícios básicos
Fazer 20 flexões,Exercícios básicos
Fazer 100 polichinelos,Exercícios básicos
Fazer 50 agachamentos unilaterais,Exercícios básicos
Fazer 50 agachamentos comuns,Exercícios básicos
Comprar arroz,Reposição de dispensa
Comprar café,Reposição de dispensa
Varrer a casa,Tarefas domésticas
Lavar roupas,Tarefas domésticas
Lavar o banheiro,Tarefas domésticas
Fazer 50 abdominais,Exercícios básicos
Fazer 20 flexões,Exercícios básicos
Fazer 100 polichinelos,Exercícios básicos
Fazer 50 agachamentos unilaterais,Exercícios básicos
Fazer 50 agachamentos comuns,Exercícios básicos
Comprar arroz,Reposição de dispensa
Comprar café,Reposição de dispensa
Varrer a casa,Tarefas domésticas
Lavar roupas,Tarefas domésticas
Lavar o banheiro,Tarefas domésticas
Fazer 50 abdominais,Exercícios básicos
Fazer 20 flexões,Exercícios básicos
Fazer 100 polichinelos,Exercícios básicos
Fazer 50 agachamentos unilaterais,Exercícios básicos
Fazer 50 agachamentos comuns,Exercícios básicos
Comprar arroz,Reposição de dispensa
Comprar café,Reposição de dispensa
Varrer a casa,Tarefas domésticas
Lavar roupas,Tarefas domésticas
Lavar o banheiro,Tarefas domésticas
Fazer 50 abdominais,Exercícios básicos
Fazer 20 flexões,Exercícios básicos
Fazer 100 polichinelos,Exercícios básicos
Fazer 50 agachamentos unilaterais,Exercícios básicos
Fazer 50 agachamentos comuns,Exercícios básicos
Comprar arroz,Reposição de dispensa
Comprar café,Reposição de dispensa
Varrer a casa,Tarefas domésticas
Lavar roupas,Tarefas domésticas
Lavar o banheiro,Tarefas domésticas
Fazer 50 abdominais,Exercícios básicos
Fazer 20 flexões,Exercícios básicos
Fazer 100 polichinelos,Exercícios básicos
Fazer 50 agachamentos unilaterais,Exercícios básicos
Fazer 50 agachamentos comuns,Exercícios básicos
Comprar arroz,Reposição de dispensa
Comprar café,Reposição de dispensa
Varrer a casa,Tarefas domésticas
Lavar roupas,Tarefas domésticas
Lavar o banheiro,Tarefas domésticas
Fazer 50 abdominais,Exercícios básicos
Fazer 20 flexões,Exercícios básicos
Fazer 100 polichinelos,Exercícios básicos
Fazer 50 agachamentos unilaterais,Exercícios básicos
Fazer 50 agachamentos comuns,Exercícios básicos
Comprar arroz,Reposição de dispensa
Comprar café,Reposição de dispensa
Varrer a casa,Tarefas domésticas
Lavar roupas,Tarefas domésticas
Lavar o banheiro,Tarefas domésticas
Fazer 50 abdominais,Exercícios básicos
Fazer 20 flexões,Exercícios básicos
Fazer 100 polichinelos,Exercícios básicos
Fazer 50 agachamentos unilaterais,Exercícios básicos
Fazer 50 agachamentos comuns,Exercícios básicos
Comprar arroz,Reposição de dispensa
Comprar café,Reposição de dispensa
Varrer a casa,Tarefas domésticas
Lavar roupas,Tarefas domésticas
Lavar o banheiro,Tarefas domésticas